"url","username","password","httpRealm","formActionOrigin","guid","timeCreated","timeLastUsed","timePasswordChanged"
"https://accounts.firefox.com","uliseschapov97@gmail.com","Rowrowfightthepowa97!",,"https://accounts.firefox.com","P2Peas8LDU9X","1621434840213","1621435095713","1621434840213"
"chrome://FirefoxAccounts","b85194c2fa2846ea9d9320b533c62d4e","{""version"":1,""accountData"":{""scopedKeys"":{""https://identity.mozilla.com/apps/oldsync"":{""kid"":""1619258691396-lip7mIRZ5uX8prkZZtU14g"",""k"":""dkCLsIL6x_KkN1H_SIyNS0lePVR8zoEsoO6vzb5ObMezaH9WybXJ3smCd2Ju-LNRsOTHmtsWqcpXmdtx59E1-g"",""kty"":""oct""},""sync:addon_storage"":{""kid"":""1619258691396-CF-h2kTI70zrmyIDf0ld7-m4cMk7PkZB8TR5TJ4aMuE"",""k"":""Cdm1IqxFc5M1y8RxzwNt5rXDxel5tDfg1FtkjJ562xEv2TV7lpN3lTiMCU_WBvh89IlQtSLY7dOfY_lowT5ekQ"",""kty"":""oct""}},""kSync"":""76408bb082fac7f2a43751ff488c8d4b495e3d547cce812ca0eeafcdbe4e6cc7b3687f56c9b5c9dec98277626ef8b351b0e4c79adb16a9ca5799db71e7d135fa"",""kXCS"":""962a7b988459e6e5fca6b91966d535e2"",""kExtSync"":""09d9b522ac45739335cbc471cf036de6b5c3c5e979b437e0d45b648c9e7adb112fd9357b96937795388c094fd606f87cf48950b522d8edd39f63f968c13e5e91"",""kExtKbHash"":""085fa1da44c8ef4ceb9b22037f495defe9b870c93b3e4641f134794c9e1a32e1""}}","Firefox Accounts credentials",,"{17f7e19e-8755-4ec6-b860-f06778ccbb70}","1621435112883","1621435112883","1621435114852"
"https://account.whitemane.gg","Out2Break","Solcitoteamo97",,"https://account.whitemane.gg","3tsKdH_JmfcA","1619350391658","1621435120886","1619350391658"
"https://account.protonvpn.com","idontbyteg","Rowrowfightthepowa97!",,"https://account.protonvpn.com","6jEEewUmkK6v","1620874596195","1621435120900","1620874596195"
"https://sunwell.pl","Out2Break","Solcitoteamo97",,"https://sunwell.pl","BxbZnXhqNpwd","1619519268531","1621435120914","1619519268531"
"https://www.udemy.com","uliseschapov97@gmail.com","Rowrowfightthepowa97",,"https://www.udemy.com","GShcK0xa8RTw","1619291802757","1625416591180","1619291802757"
"https://www.warmane.com","Out2Break","Solcitoteamo97",,"https://www.warmane.com","aqNl_7Iz9Z2W","1619603512875","1621435120942","1619603512875"
"https://account.protonvpn.com","idontbyte","Rowrowfightthepowa97!",,"https://account.protonvpn.com","n2V1cvF0Iqdz","1620874590387","1621435120963","1620874590387"
"https://www.linkedin.com","uliseschapov97@gmail.com","Rowrowfightthepowa97!",,"https://www.linkedin.com","{09f809f7-4a3e-4764-a0dc-1ea2bed30ec6}","1620654923902","1627998797949","1620655294250"
"https://hanime.tv","uliseschapov97@gmail.com","Rowrowfightthepowa97",,"","{18ccc353-87d7-4d51-8aa1-01467fabaf7a}","1608176278311","1621435120987","1608176278311"
"https://sso.acesso.gov.br","","Rowrowfightthepowa97",,"https://sso.acesso.gov.br","{29aebfbb-48a2-452a-bf64-cc1acee4d09c}","1620682823979","1628949825066","1620682823979"
"https://www.reddit.com","Out_B","Rowrowfightthepowa97",,"https://www.reddit.com","{2b55b10c-a077-4e1f-a305-ea11f21d75c5}","1619965778395","1621439276346","1619965778395"
"https://www.xvideos.com","uliseschapov97@gmail.com","Rowrowfightthepowa97",,"https://www.xvideos.com","{32faa83e-0448-43c1-8c4c-1b987e2d601c}","1608260432933","1621435121028","1608260432933"
"https://www.disneyplus.com","","Alpaos3565",,"https://www.disneyplus.com","{33c95ba7-e4af-4a09-9167-f5be19c26559}","1613959086052","1621435121047","1613959086052"
"https://app.hackthebox.eu","idontbyte","Rowrowfightthepowa971",,"https://app.hackthebox.eu","{3b4bb0a9-cb2c-486b-b7c0-19c8d59c080b}","1620683260215","1621435121062","1620683260215"
"https://www.root-me.org","uliseschapov97@gmail.com","RowrowfightthepowaErenfree97!",,"https://www.root-me.org","{3c19fdca-a036-44ec-a6c0-e178ccb076f3}","1617556392156","1623951271114","1617556392156"
"https://main.southxchange.com","uliseschapov97@gmail.com","Rowrowfightthepowa97",,"https://main.southxchange.com","{3ec69299-0233-4f76-bcec-0e965759a37d}","1616614173792","1621435121086","1616614173792"
"https://www.paypal.com","idontbyteg@gmail.com","Rowrowfightthepowa97",,"https://www.paypal.com","{53720200-deac-49a7-a69d-dfdab38a3d5b}","1617576074798","1628638397800","1617576074798"
"https://github.com","Gab-byte4","RowrowfighttheErenfree97!",,"https://github.com","{6700c5ff-9997-4c28-a7f5-0e18c9860359}","1617557247997","1632416292540","1617557247997"
"https://donweb.com","uliseschapov97@gmail.com","Rowrowfightthepowa97",,"https://donweb.com","{68eddda2-54b8-41c9-a8fc-4d75520c8051}","1620926961691","1621435121123","1620926961691"
"https://login.infojobs.com.br","uliseschapov97@gmail.com","ILGZr2OdUt",,"https://login.infojobs.com.br","{79ba8ef6-ef2a-41bb-8ad7-1d995b918566}","1608221540666","1626543717321","1608221540666"
"https://www.geoguessr.com","","Rowrowfightthepowa97",,"https://www.geoguessr.com","{8caa724c-f374-4956-acb6-d3b8fe28e357}","1610271622418","1621435121148","1610271622418"
"https://profile.w3schools.com","uliseschapov97@gmail.com","Rowrowfightthepowa97!",,"https://profile.w3schools.com","{9124e644-ec74-4dc8-91b9-56a3c2de8630}","1620322722548","1621435121160","1620322722548"
"https://nhentai.net","Kryvel","Rowrowfightthepowa97",,"https://nhentai.net","{994c9219-84c0-4038-9330-c966fcd91736}","1614712791722","1621435121174","1614712791722"
"https://auth.riotgames.com","KryvelOut","RowrowfightthepowaErenfree97!",,"","{9cf013b1-9235-425f-ac61-2a388186a643}","1614810567915","1625866469858","1614810567915"
"https://wordpress.com","","Rowrowfightthepowa97",,"https://wordpress.com","{a632ec03-26ab-4063-9831-f76f89283a4c}","1615341945577","1621435121199","1615341945577"
"https://accounts.google.com","gc.solutions2000@gmail.com","Solcitoteamo97",,"https://accounts.google.com","{a919dbff-e1bb-4335-8e17-77734626c459}","1615941241679","1621530075136","1615941241679"
"https://accounts.google.com","altamilanga97@gmail.com","Rowrowfightthepowa97",,"https://accounts.google.com","{ae366133-d286-43b2-8e70-eee9f7ebb958}","1620057916112","1621969132221","1620057916112"
"https://m.infojobs.com.br","uliseschapov97@gmail.com","ILGZr2OdUt",,"https://m.infojobs.com.br","{b2920ce6-abe6-49f3-9b3c-3fdf3b016754}","1608221591252","1621435121248","1608221591252"
"https://donweb.com","","f4cfZmrxcW326cC",,"https://donweb.com","{bf57abc2-3def-4e08-93de-ab1eae7baa12}","1620926923568","1621435121269","1620926923568"
"https://www.instagram.com","uliseschapov97@gmail.com","Solcitoteamo97",,"https://www.instagram.com","{c087247d-adc7-4331-9314-bcbf4422ff82}","1617564782840","1621435121281","1617564782840"
"https://childfreeconnections.net","Gabriel_C","Rowrowfightthepowa97",,"https://childfreeconnections.net","{c9e30bd1-ca79-447c-9f56-1ffa35e207c1}","1620477179748","1621435121295","1620477179748"
"https://accounts.google.com","idontbyteg","Rowrowfightthepowa97",,"https://accounts.google.com","{d0c8ce98-494c-4b32-9348-7d4829a57d42}","1617575509449","1621435121332","1617575509449"
"https://www.twitch.tv","","Rowrowfightthepowa97!",,"https://www.twitch.tv","{daa4c242-c44b-44ff-9cf1-58aac1de9853}","1619966941686","1621435121358","1619966941686"
"https://academy.hackthebox.eu","idontbyteg@gmail.com","Rowrowfightthepowa97!",,"https://academy.hackthebox.eu","{df63136c-eeb6-431d-b7cf-f4ca22e11389}","1620683785593","1621902183735","1620683785593"
"https://www.epicgames.com","altamilanga97@gmail.com","Solcitoteamo97",,"https://www.epicgames.com","{e50f6281-798e-4cf8-b419-f2317167d14a}","1608216862211","1621435121384","1608216862211"
"https://childfreeconnections.net","uliseschapov97@gmail.com","Rowrowfightthepowa97",,"https://childfreeconnections.net","{f6351514-a6f6-4a46-9e82-429d24f18572}","1620477425632","1621435121407","1620477425632"
"https://www.paypal.com","uliseschapov97@gmail.com","Rowrowfightthepowa97",,"https://www.paypal.com","{f9ba1417-d518-4ad4-9b33-6a187a6ecb23}","1617574981411","1621435121429","1617574981411"
"https://auth.afip.gob.ar","20401955748","Fuckyouperonia97!",,"https://auth.afip.gob.ar","{fce9ed4c-dc98-4e96-99f1-5366a6352da0}","1609724906659","1621435121441","1628267687893"
"https://www.facebook.com","uliseschapov97@gmail.com","Rowrowfightthepowa97!",,"https://www.facebook.com","{e2ef51b4-ad6e-47bf-a387-b735de91adf4}","1621435315330","1625357043185","1621435315330"
"https://gcsolutionsinternational.com","uliseschapov97@gmail.com","r2fPkzgg^xcLtkNl6)2m$Y)t",,"https://gcsolutionsinternational.com","{820e6b25-7f4b-4ec3-94ca-697d8416e0e8}","1621447580601","1621521885483","1621447580601"
"https://gcsolutionsinternational.com","777005186768-oq0klddimp06ddn3hg748rgn554dom7k.apps.googleusercontent.com","L8bC3i5XrVwrr2zmNsVxaQnJ",,"https://gcsolutionsinternational.com","{b29f35bd-45ea-479b-95a6-cedb2a0828ef}","1621527576714","1621543562391","1621527576714"
"https://financeiro.hostgator.com.br","agustingcamano@gmail.com","Dinero.mujeres46",,"https://financeiro.hostgator.com.br","{8bcfba99-fdaa-4f4d-bddd-546355a5981f}","1621537731271","1621546498112","1621537731271"
"https://www.theodinproject.com","uliseschapov97@gmail.com","Rowrowfightthepowa97!",,"https://www.theodinproject.com","{ec319837-04ff-4d28-8065-27f6f6192f20}","1621611865667","1631195216409","1621611865667"
"https://www.netflix.com","osvaldochapov@gmail.com","Alpaos3565",,"https://www.netflix.com","{843d6532-ca50-4a78-af0d-fbbbef07753a}","1621739956473","1623261764805","1623261764805"
"https://kali.training","uliseschapov97@gmail.com","Rowrowfightthepowa97!",,"https://kali.training","{c29a8b54-eb1e-4ab7-b748-ad9133bb5691}","1621798162735","1621879719774","1621798162735"
"https://m.facebook.com","uliseschapov97@gmail.com","Rowrowfightthepowa97!",,"https://m.facebook.com","14ZER_c0-6hw","1621899385618","1621954156034","1621899385618"
"https://secure.indeed.com","uliseschapov97@gmail.com","Rowrowfightthepowa97!",,"https://secure.indeed.com","wBn2b0atngtf","1621949128061","1625068161026","1625068161026"
"https://www.fiverr.com","altamilanga97@gmail.com","Rowrowfightthepowa97!",,"https://www.fiverr.com","{3379e68a-deb5-4494-8b15-f38008c4be08}","1621969344661","1621969344661","1622034924252"
"https://tryhackme.com","uliseschapov97@gmail.com","Rowrowfightthepowa97!",,"https://tryhackme.com","{962a4212-a4a2-48e8-93f3-231d67aeb09e}","1621973452975","1621973452975","1621973452975"
"https://tryhackme.com","idontbyte@gmail.com","Rowrowfightthepowa97!",,"https://tryhackme.com","{159e8502-7634-4583-88d1-6159bac08bed}","1621965625098","1622034924168","1621965625098"
"https://tryhackme.com","gabrielchapov.business@gmail.com","Rowrowfightthepowa97!",,"https://tryhackme.com","{30720125-517a-4cd6-a7d2-d9233c13a898}","1622043559733","1622043559733","1622043559733"
"https://myanimelist.net","Out-Break","Rowrowfightthepowa97",,"https://myanimelist.net","{8ea80da0-2101-4658-840a-3bfeadf43b60}","1622230865722","1628306844919","1622230865722"
"https://itch.io","idontbyteg@gmail.com","Rowrowfightthepowa97!",,"https://itch.io","{2be9dc45-54d9-4683-8835-c58465267011}","1622243888326","1622243888326","1622243888326"
"https://github.com","gabrielchapov.business@gmail.com","Rowrowfightthepowa97!",,"https://github.com","{b4ed2344-7a2c-4496-b4c1-222513192455}","1622490438971","1632416298016","1622490438971"
"https://id.atlassian.com","","Rowrowfightthepowa971",,"https://id.atlassian.com","{3b198335-1f3c-4ee9-9c6e-1c67ea2f85db}","1622516974304","1622516974304","1622516974304"
"https://www.linkedin.com","idontbyteg@gmail.com","Rowrowfightthepowa97!",,"https://www.linkedin.com","{20f3633f-34ba-4463-9df7-87baf58c898b}","1622562764982","1627570355815","1622562764982"
"https://br.talent.com","idontbyteg@gmail.com","Rowrowfightthepowa97!",,"https://br.talent.com","{be5e4e45-f0fd-4266-a63a-096498b77124}","1622562787916","1622562787916","1622562787916"
"https://www.empregare.com","uliseschapov97@gmail.com","Rowrowfightthepowa97!",,"https://www.empregare.com","{007db8e2-8e4f-4528-a932-116e12dacf9c}","1622562999158","1622562999158","1622562999158"
"https://marketplace.axieinfinity.com","uliseschapov97@gmail.com","Rowrowfightt",,"https://marketplace.axieinfinity.com","{2d4904fd-8228-4dba-8803-9655fe0e9ee5}","1622739339812","1622739339812","1622739339812"
"https://studioz.gupy.io","uliseschapov97@gmail.com","Rowrowfightthepowa97!",,"https://studioz.gupy.io","{359244c1-a999-4a2c-ba89-2f84c0839cf7}","1622992339812","1622992339812","1622992339812"
"https://user.manganelo.com","idontbyteg","Rowrowfightthepowa97",,"https://user.manganelo.com","{816c8864-a573-42b1-9032-9c9b9776ba3a}","1622988115596","1628914201520","1622988115596"
"https://dotgroup.enlizt.me","uliseschapov97@gmail.com","Rowrowfightthepowa97",,"https://dotgroup.enlizt.me","{f4daa3fd-30d6-4d0c-a841-2b5e4d2a1e21}","1622992856671","1622993874104","1622992856671"
"https://twitter.com","","Rowrowfightthepowa97Erenfree!",,"https://twitter.com","lWntG5oWlHfj","1623088839380","1623110849640","1623088839380"
"https://twitter.com","altamilanga97@gmail.com","RowrowfightthepowaErenfree97!",,"https://twitter.com","{911c4bcd-c9e5-409a-880f-ed12d6326e77}","1623341714928","1623341714928","1623341714928"
"https://home.openweathermap.org","idontbyte","Rowrowfightthepowa97",,"https://home.openweathermap.org","{148b18c9-0405-4be0-a4a4-05692e1bfc4a}","1624204191239","1624213552748","1624204212043"
"https://home.openweathermap.org","OutBreak","Rowrowfightthepowa97",,"https://home.openweathermap.org","{ab8f450d-d0f5-4662-9e4f-3e4fa567dbaf}","1624213656699","1624213656699","1624213656699"
"https://eu.recovery.riotgames.com","","Rowrowfightthepowa97!",,"https://eu.recovery.riotgames.com","y5d9unPVkSk9","1624298836154","1625866169500","1625866169500"
"https://paripassu.enlizt.me","","huvgAPHnifr9Wt9",,"https://paripassu.enlizt.me","{c838a8b9-809d-4fdc-8502-10af3e0c02ac}","1624456239543","1624456239543","1624456239543"
"https://developer.edamam.com","Gab-byte4","Rowrowfightthepowa97",,"https://developer.edamam.com","{9014813c-de5d-4d9e-a398-a64f389ad0a3}","1624456955981","1624457328130","1624456955981"
"https://developer.edamam.com","Gab-byte","Rowrowfightthepowa97",,"https://developer.edamam.com","{aecb178e-295e-46bb-a46f-12f3914a707e}","1624457315694","1624457373283","1624457315694"
"https://developer.edamam.com","gabrielchapov.business@gmail.com","Rowrowfightthepowa97",,"https://developer.edamam.com","{e0a92970-bff8-4bd3-bb60-963bd32405d0}","1624457330406","1624457330406","1624457330406"
"https://digitalinnovation.one","uliseschapov97@gmail.com","Rowrowfightthepowa97",,"https://digitalinnovation.one","{4fdf2ae4-f1c1-4fa1-8c08-83f96989083c}","1624656227258","1624748013742","1624656227258"
"https://courses.wesbos.com","gabrielchapov.business@gmail.com","Rowrowfightthepowa97",,"https://courses.wesbos.com","{f915c456-716c-4aa8-adcd-3592623541b6}","1624887429851","1624887429851","1624887429851"
"https://www.amazon.com","uliseschapov97@gmail.com","Rowrowfightthepowa97",,"https://www.amazon.com","{60e85455-5bf5-4938-ba3c-f8f89f1ee77e}","1624913241316","1624913246427","1624913241316"
"https://community.playstarbound.com","gabbyte4","Rowrowfightthepowa97",,"https://community.playstarbound.com","{37176a70-165d-4ba7-8499-4285a4531773}","1624999677739","1624999677739","1624999677739"
"https://www.moviecrumbs.net","Artyom","Rowrowfightthepowa97!",,"https://www.moviecrumbs.net","{a7f59a99-0add-44ae-a60b-474df34400f2}","1625005920444","1625862254664","1625005920444"
"https://secure.indeed.com","gabriel.business@gmail.com","Rowrowfightthepowa97!",,"https://secure.indeed.com","{5b07fc33-213e-4fe1-ac50-f75555ca306f}","1625067954637","1625068210699","1625068184483"
"https://secure.indeed.com","","Rowrowfightthepowa97!",,"https://secure.indeed.com","{6bfc68b6-da38-448f-b0ab-d46755d4f323}","1625068136484","1625068136484","1625068136484"
"https://candidato.empregos.com.br","gabrielchapov.business@gmail.com","Rowrowfightthep",,"https://candidato.empregos.com.br","{c9ad76b4-3444-4b95-b886-e45452fc55ee}","1625081678448","1625146507207","1625081678448"
"https://penseavanti.enlizt.me","uliseschapov97@gmail.com","Rowrowfightthepowa97",,"https://penseavanti.enlizt.me","{7cf1c3fa-9046-4d2d-a299-73138826f0ae}","1625147889082","1626721642852","1625147889082"
"https://prevision.enlizt.me","uliseschapov97@gmail.com","Rowrowfightthepowa97",,"https://prevision.enlizt.me","{48caa852-6a52-4e34-8ed5-2f3eee6f4aa4}","1625147929127","1625147929127","1625147929127"
"https://jobs.lenovo.com","gabrielchapov.business@mail.com","Rowrowfightthepowa97Erenfree!",,"https://jobs.lenovo.com","{7f89d23e-3d98-4fc4-b8a8-35a4f47647f1}","1625148185294","1625148185294","1625148185294"
"https://www.goodreads.com","uliseschapov97@gmail.com","Rowrowfightthepowa97",,"https://www.goodreads.com","{15a7f380-ccd7-4895-a1c7-1b8f8638750a}","1625179779645","1625179798624","1625179779645"
"http://localhost:3000","","9LjWG6L2t87DSkW",,"http://localhost:3000","{0e9be159-4248-4091-8390-95ca57cf2c04}","1625256124635","1625256124635","1625256124635"
"https://omega-app.gama.academy","gabrielchapov.business@gmail.com","SY4P7EF6F",,"https://omega-app.gama.academy","{f3773498-74b7-41bd-841b-6ecaa489fc13}","1625355888066","1625355888066","1625355888066"
"https://www.facebook.com","gabrielchapov.business@gmail.com","RowrowfightthepowaErenfree97!",,"https://m.facebook.com","{b591ec59-2cd6-42e6-bfe8-0f7465350b19}","1625357045240","1625357045240","1625357045240"
"https://nerdin.com.br","gabrielchapov.business@gmail.com","Rowrowfight",,"https://nerdin.com.br","{420bc6bf-1925-47be-bbac-4c97e7078c43}","1625442680200","1626894642323","1625442680200"
"https://acate.enlizt.me","uliseschapov97@gmail.com","Rowrowfightthepowa97",,"https://acate.enlizt.me","{82f2db7d-06ed-4ec6-89a9-4bb6c7e308b6}","1625757996398","1625758097664","1625757996398"
"https://reivax.enlizt.me","uliseschapov97@gmail.com","Rowrowfightthepowa97",,"https://reivax.enlizt.me","{a1621a0f-3ff4-4fd1-b009-0403e15c2116}","1625758008844","1627146792681","1625758008844"
"https://www.amazon.com","osvaldochapov@gmail.com","Fema3437",,"https://www.amazon.com","{af859acf-d3af-44c0-9043-83ecd73cabaa}","1625868990606","1626234360790","1625868990606"
"https://www.amazon.com.br","osvaldochapov@gmail.com","Fema3437",,"https://www.amazon.com.br","{5081499b-62c5-4653-8f1d-5595e7bad15c}","1625869121407","1625869121407","1625869121407"
"https://github.com","uliseschapov97@gmail.com","RowrowfightthepowaErenfree97!",,"https://github.com","{030ef9dd-2e41-4b97-b713-8f11f3f4441d}","1626187308121","1632416301652","1626187308121"
"https://fontawesome.com","gabrielchapov.business@gmail.com","Rowrowfightthepowa97",,"https://fontawesome.com","{0ad9572f-4f6a-438e-afd6-22c024ef8213}","1626275252190","1627575568592","1627575568592"
"https://users.nexusmods.com","","Rowrowfightthepowa97",,"https://users.nexusmods.com","{04057d66-b8bd-4bb3-9e87-0275a4bb829f}","1626471828845","1626471828845","1626471828845"
"https://engenha.com","uliseschapov97@gmail.com","Rowrowfightthepowa97",,"https://engenha.com","{a1879d1c-7add-4993-9a85-ecc07f1c5b29}","1627059870438","1627059870438","1627059870438"
"https://help.steampowered.com","","Rowrowfightthepowa97!",,"https://help.steampowered.com","{8e1cfbe0-b525-465b-ad71-5245a452bc5f}","1627159905104","1627159905104","1627159905104"
"https://authn.edx.org","Gabriel-js","Rowrowfightthepowa97!",,"https://authn.edx.org","{a0899c60-6f1a-4980-b05a-02095ae2ee62}","1627166021486","1627166021486","1627166021486"
"https://lojasfeiraodemoveis.enlizt.me","uliseschapov97@gmail.com","Rowrowfightthepowa97",,"https://lojasfeiraodemoveis.enlizt.me","{50cb1cfa-5db7-4a18-90f1-8957f2141499}","1627417818566","1628704409543","1627417818566"
"https://auvo.gupy.io","gabrielchapov.business@gmail.com","Rowrowfightthepowa97!",,"https://auvo.gupy.io","{8b8d40e2-a2fb-49cb-a1ff-86b56472523a}","1627570401529","1627570401529","1627570401529"
"https://jsfiddle.net","Gabriel_ch","Rowrowfightthepowa97!",,"https://jsfiddle.net","{890a09ef-5732-4cf8-a63e-3e3892a8765f}","1627991216362","1628097029578","1627991216362"
"https://www3.animeflv.net","OutBreak","Rowrowfightthepowa97",,"https://www3.animeflv.net","{4938789f-4210-4a07-bba9-3601ed24de88}","1628307218329","1628307316087","1628307218329"
"https://login.jkanime.net","altamilanga97@gmail.com","Rowrowfightthepowa97!",,"https://login.jkanime.net","{8cccc7be-15cd-4c87-bbae-b7c43276dd98}","1628307537031","1632070991840","1632070991840"
"https://dynamox.enlizt.me","uliseschapov97@gmail.com","Rowrowfightthepowa97",,"https://dynamox.enlizt.me","{1b5d8c39-9f21-4213-ab32-4f928eab6f11}","1628704647894","1628704647894","1628704647894"
"https://audaces.enlizt.me","uliseschapov97@gmail.com","Rowrowfightthepowa97",,"https://audaces.enlizt.me","{107ea5f3-6055-44f9-be4b-677c09b8c642}","1629068740610","1629068740610","1629068740610"
"https://disqus.com","altamilanga97@gmail.com","Rowrowfightthepowa97!",,"https://disqus.com","{4102598d-ab98-4d81-952a-6eb6a2af3adf}","1629170184084","1629170184084","1629170184084"
"https://www.truelancer.com","gabrielchapov.business@gmail.com","Rowrowfightthepowa97!",,"https://www.truelancer.com","{06be8d8c-f428-4e98-971c-650dc27fc9e9}","1629382492354","1629382492354","1629382492354"
"https://accounts.google.com","uliseschapov97@gmail.com","RowrowfightthepowaErenfree97!",,"https://accounts.google.com","{f52a82fb-1b78-4165-b5cf-d8e6d514b94c}","1629495232051","1629496391000","1629495232051"
"https://accounts.google.com","gabrielchapov.business@gmail.com","Rowrowfightthepwoa97!",,"https://accounts.google.com","{304c7036-25fe-4184-bfdb-518d9189dd4c}","1629496023343","1629496077715","1629496023343"
"https://mega.nz","altamilanga97@gmail.com","Rowrowfightthepowa97!",,"https://mega.nz","{16656d46-c974-4cc1-9dd9-acf5da172e5d}","1629560679314","1629746864028","1629560679314"
"https://account.mapbox.com","OutBreak","Rowrowfightthepowa97!",,"https://account.mapbox.com","{471b5e2a-9ebe-4730-a030-3c4569fae29d}","1629918698327","1629918698327","1629918698327"
"https://floripamaisempregos.santacatarinapelaeducacao.com.br","gabrielchapov.business@gmail.com","Rowrowfightthepowa97!",,"https://floripamaisempregos.santacatarinapelaeducacao.com.br","{259bb26a-6bbb-4e34-ad4c-fcb74e4ed129}","1630375719695","1630624066979","1630375719695"
"https://www.linkedin.com","gabrielchapov.business@gmail.com","Rowrowfightthepowa97!",,"https://www.linkedin.com","{42aa8bdc-b186-43ef-8a42-6c1e62a66c11}","1630534704300","1632152677381","1630534704300"
"https://digitro.com","gabrielchapov.business@gmail.com","Rowrowfigh",,"https://digitro.com","{2df465c3-027d-4a21-9e26-3bc0b91f7067}","1630624402564","1630626955351","1630624402564"
"https://contato.enlizt.me","uliseschapov97@gmail.com","Rowrowfightthepowa97",,"https://contato.enlizt.me","{4015d0f0-62a6-4da0-af67-e7647b28050d}","1630627331123","1630627331123","1630627331123"
"https://coderbyte.com","gabrielchapov.business@gmail.com","Rowrowfightthepowa97!",,"https://coderbyte.com","{b081ab01-741a-486c-9260-ffc6038efea0}","1630962588590","1630962588590","1630962588590"
"https://certi.enlizt.me","uliseschapov97@gmail.com","Rowrowfightthepowa97",,"https://certi.enlizt.me","{a83ca800-d354-4195-a271-320267e878d2}","1630983805595","1630983805595","1630983805595"
"https://hipposupermercados.enlizt.me","uliseschapov97@gmail.com","Rowrowfightthepowa97",,"https://hipposupermercados.enlizt.me","{8cdb6eb4-f5d9-4e72-9a26-3ca1e1765dbf}","1632326760696","1632326760696","1632326760696"